{"cameraMode":{"drawMode":0,"name":"Shaded","section":"Shading Mode"},"sceneLighting":true,"audioPlay":false,"sceneViewState":{"m_AlwaysRefresh":false,"showFog":true,"showSkybox":true,"showFlares":true,"showImageEffects":true,"showParticleSystems":true,"showVisualEffectGraphs":true,"m_FxEnabled":true},"in2DMode":false,"pivot":{"x":-0.02610468864440918,"y":1.1479367017745972,"z":-0.4175534248352051},"rotation":{"x":-0.03525529429316521,"y":0.9389364123344421,"z":-0.10124038904905319,"w":-0.32696786522865298},"size":2.466712713241577,"orthographic":false}